HHP,10,Asphalt,1/1
QJI,10,Asphalt,1/1
QJH,10,Asphalt,1/1
9PB,10,Asphalt,1/1
EH1,10,Asphalt,1/1
QUV,10,Asphalt,1/1
JGO,10,Asphalt,1/1
JCH,10,Asphalt,1/1
OBY,10,Asphalt,1/1
MK1,10,Asphalt,1/1
QFI,10,Asphalt,1/1
QRY,10,Asphalt,1/1
KUZ,10,Asphalt,1/1
JJU,10,Asphalt,1/1
QCU,10,Asphalt,1/1
AGM,10,Asphalt,1/1
KGQ,10,Asphalt,1/1
SAE,10,Asphalt,1/1
UMD,10,Asphalt,1/1
JNN,10,Asphalt,1/1
XEQ,10,Asphalt,1/1
SRK,10,Asphalt,1/1
XIQ,10,Asphalt,1/1
AOQ,10,Asphalt,1/1
QFG,10,Asphalt,1/1
QOQ,10,Asphalt,1/1
END,10,Asphalt,1/1
ENX,10,Asphalt,1/1
CBC,10,Asphalt,1/1
MCM,10,Asphalt,1/1
CXH,10,Asphalt,1/1
LFP,10,Asphalt,1/1
ENR,10,Asphalt,1/1
GLW,10,Asphalt,1/1
SDB,10,Asphalt,1/1
SIH,10,Asphalt,1/1
SWB,10,Asphalt,1/1
PZE,10,Asphalt,1/1
